ID,Name,Team,GW1,GW2,GW3,GW4,GW5,GW6,GW7,GW8,GW9,GW10,GW11,GW12,GW13,GW14,GW15,GW16,GW17,GW18
1,Balogun,ARS,,,,,,,,,,,,,,,,,,
2,Cédric,ARS,,,,,,,,,,,,,,,,,,
3,M.Elneny,ARS,,1,1,1,1,1,,,,,,,,,,,,
4,Fábio Vieira,ARS,,,,,,,,,,,,,,,,,,
5,Gabriel,ARS,,,,,,,,,,,,,,,,,,
6,Havertz,ARS,,,,,,,,,,,,,,,,,,
7,Holding,CRY,,,,,,,,,,,,,,,,,,
8,G.Jesus,ARS,1,1,1,,,,,0.5,,,,,,,,,,
9,Jorginho,ARS,,,,,,,,,,,,,,,,,,
10,Kiwior,ARS,,,,,,,,,,,,,,,,,,
11,Marquinhos,ARS,,,,,,,,,,,,,,,,,,
12,Martinelli,ARS,,,,,,0.5,0.5,0.5,,,,,,,,,,
13,Nketiah,ARS,,,,,,,,,,,,,,,,,,
14,Ødegaard,ARS,,,,,,,,,,,,,,,,,,
15,Thomas,ARS,,,,,1,1,1,1,,,,,,,,,,
16,Pepe,ARS,,,,,,,,,,,,,,,,,,
17,Ramsdale,ARS,,,,,,,,,,,,,,,,,,
18,Rúnarsson,ARS,,,,,,,,,,,,,,,,,,
19,Saka,ARS,,,,,,,,0.5,0.5,,,,,,,,,
20,Saliba,ARS,,,,,,,,,0.5,,,,,,,,,
21,Sambi,LUT,,,,,,,,1,1,1,,,,,,,,
22,Smith Rowe,ARS,,,,,,,,,,,,,,,,,,
23,Tavares,NFO,,,,,,,0.5,0.5,1,1,,,,,,,,
24,Tierney,ARS,,,,,,,,,,,,,,,,,,
25,Tomiyasu,ARS,,,,,,,,,,,,,,,,,,
26,Trossard,ARS,,,,,,,0.5,,0.5,,,,,,,,,
27,Trusty,SHU,,,,,,,,,,,,,,,,,,
28,Turner,NFO,,,,,,,,,,,,,,,,,,
29,White,ARS,,,,,,,,,,,,,,,,,,
30,Xhaka,ARS,,,,,,,,,,,,,,,,,,
31,Zinchenko,ARS,,,,,,,,,,,,,,,,,,
32,Alex Moreno,AVL,1,1,1,1,1,,0.5,0.5,0.5,1,,,,,,,,
33,Archer,SHU,,,,,,,,,,,,,,,,,,
34,Bailey,AVL,,,,,,,,1,,,,,,,,,,
35,Buendia,AVL,,1,1,1,1,1,1,1,1,1,,,,,,,,
36,Cash,AVL,,,,,,,,,,,,,,,,,,
37,Chambers,AVL,,,,,,,,,,,,,,,,,,
38,Coutinho,AVL,,,1,1,1,,,,,,,,,,,,,
39,Davis,AVL,,,,,,,,,,,,,,,,,,
40,Dendoncker,AVL,,1,1,1,,,,,,,,,,,,,,
41,Diego Carlos,AVL,,,,,0.5,1,1,,,,,,,,,,,
42,Digne,AVL,,,,,,,,,,,,,,,,,,
43,Douglas Luiz,AVL,,,,,,,,,,,,,,,,,,
44,Duran,AVL,,1,,,,,,,,,,,,,,,,
45,Hause,AVL,,,,,,,,,,,,,,,,,,
46,Iroegbunam,AVL,,1,1,1,1,1,1,1,1,,,,,,,,,
47,Kamara,AVL,,,,,,,,0.5,,,,,,,,,,
48,Konsa,AVL,,,,,,,,,,,,,,,,,,
49,Martinez,AVL,,,,0.5,,,,,,,,,,,,,,
50,McGinn,AVL,,,,,,,,,,,,,,,,,,
51,Mings,AVL,,1,1,1,1,1,1,1,1,1,,,,,,,,
52,Nakamba,LUT,,,,,,,,,,,,,,,,,,
53,Olsen,AVL,,,,,,,,,,,,,,,,,,
54,Philogene,AVL,,,,,,,,,,,,,,,,,,
55,J.Ramsey,AVL,1,1,1,1,1,1,,,0.5,1,,,,,,,,
56,Sanson,AVL,,,,,,,,,,,,,,,,,,
57,Sinisalo,AVL,,,,,,,,,,,,,,,,,,
58,Tielemans,AVL,,,,,,,,,,,,,,,,,,
59,Bertrand Traoré,AVL,,1,,,,1,1,,,,,,,,,,,
60,Watkins,AVL,,,,,,,,,,,,,,,,,,
61,Wesley,AVL,,,,,,,,,,,,,,,,,,
62,Anthony,BOU,,,,,,,,,,,,,,,,,,
63,Billing,BOU,,,,,,,,,0.5,,,,,,,,,
64,Brooks,BOU,,,,,,,,,,,,,,,,,,
65,Christie,BOU,0.5,,,,,,,,,,,,,,,,,
66,L.Cook,BOU,,0.5,0.5,,,,,,,1,,,,,,,,
67,Siriki,BOU,,,,,,,,,,,,,,,,,,
68,Fredericks,BOU,1,1,1,1,1,1,1,1,1,1,,,,,,,,
69,Hill,BOU,,,,,,,,,,,,,,,,,,
70,Kelly,BOU,0.5,1,,,,,,1,1,,,,,,,,,
71,Kilkenny,BOU,,,,,,,,,,,,,,,,,,
72,Kluivert,BOU,,,,,,,,,,,,,,,,,,
73,Lowe,BOU,,,,,,,,,,,,,,,,,,
74,Marcondes,BOU,,,1,1,1,1,1,1,1,1,,,,,,,,
75,Mepham,BOU,,,,,,,,1,0.5,,,,,,,,,
76,Moore,BOU,,,,,,,,,,,,,,,,,,
77,Neto,BOU,,,,,,,,,,,,,,,,,,
78,O.Dango,BOU,,1,1,1,1,,,,,,,,,,,,,
79,Pearson,BOU,,,,,,,,,,,,,,,,,,
80,Randolph,BOU,,,,,,,,,,,,,,,,,,
81,Rothwell,BOU,,,,,,,,,,,,,,,,,,
82,Semenyo,BOU,1,,,,,,,,,,,,,,,,,
83,Senesi,BOU,,,,,,,,,,,,,,,,,,
84,Smith,BOU,0.5,0.5,0.5,0.5,,,,,,,,,,,,,,
85,Solanke,BOU,,,,,,,,,,,,,,,,,,
86,Tavernier,BOU,1,1,1,1,,,,,,,,,,,,,,
87,Hamed Traorè,BOU,,,,,,,,,,,,,,,,,,
88,Travers,BOU,,,,,,,,,,,,,,,,,,
89,Zabarnyi,BOU,,,,,,,,,,,,,,,,,,
90,Ajer,BRE,,,,,,,,,,,,,,,,,,
91,Balcombe,BRE,,,,,,,,,,,,,,,,,,
92,Baptiste,BRE,,,,1,1,1,1,1,1,1,,,,,,,,
93,Bech,BRE,,,,,,,,,,,,,,,,,,
94,Bidstrup,BRE,,,,,,,,,,,,,,,,,,
95,Canós,BRE,,,,,,,,,,,,,,,,,,
96,Collins,BRE,,,,,,,,,,,,,,,,,,
97,Cox,BRE,,,,,,,,,,,,,,,,,,
98,Damsgaard,BRE,,,,0.5,1,1,1,1,1,1,,,,,,,,
99,Dasilva,BRE,0.5,,0.5,1,1,1,1,1,1,1,,,,,,,,
100,Dervişoğlu,BRE,,,,,,,,,,,,,,,,,,
101,Flekken,BRE,,,,,,,,,0.5,,,,,,,,,
102,Goode,BRE,,,,,,,,,,,,,,,,,,
103,Henry,BRE,0.5,,,,,0.5,1,1,1,1,,,,,,,,
104,Hickey,BRE,,,,,,,,,1,,,,,,,,,
105,Janelt,BRE,,,,,,,,,,,,,,,,,,
106,Jensen,BRE,,0.5,,,,,,,,,,,,,,,,
107,Lewis-Potter,BRE,,,,,,,,,0.5,0.5,,,,,,,,
108,Mbeumo,BRE,0.5,,,,,,,,,,,,,,,,,
109,Mee,BRE,,0.5,0.5,0.5,,,0.5,1,1,,,,,,,,,
110,Nørgaard,BRE,,,,,,,,,,,,,,,,,,
111,Onyeka,BRE,0.5,0.5,,,,,,,,,,,,,,,,
112,Pinnock,BRE,,,,,,,,,0.5,,,,,,,,,
113,Raya,ARS,,,,,,,,,,,,,,,,,,
114,Roerslev,BRE,,,,,,,,,,,,,,,,,,
115,Schade,BRE,,,,,,,0.5,1,1,1,,,,,,,,
116,Strakosha,BRE,,,,0.5,,,,,,,,,,,,,,
117,Toney,BRE,1,1,1,1,1,1,1,1,1,1,,,,,,,,
118,Trevitt,BRE,,,,,,,,,,,,,,,,,,
119,Wissa,BRE,,,,,,,,,,,,,,,,,,
120,Yarmolyuk,BRE,,,,,,,,,,,,,,,,,,
121,Zanka,BRE,,,,,,,,,,,,,,,,,,
122,Adingra,BHA,,,,,,,,,,,,,,,,,,
123,Alzate,BHA,,,,,,,,,,,,,,,,,,
124,Ayari,BHA,,,,,,,,,,,,,,,,,,
125,Buonanotte,BHA,,,,,,,,,,,,,,,,,,
126,Caicedo,CHE,,,,,,0.5,,,,,,,,,,,,
127,Connolly,BHA,,,,,,,,,,,,,,,,,,
128,Dahoud,BHA,,,,,,,,,,,,,,,,,,
129,Dunk,BHA,,,,,,,,,,,,,,,,,,
130,Enciso,BHA,,,,1,1,1,1,1,1,1,,,,,,,,
131,Estupiñan,BHA,,,,,,,,,1,1,,,,,,,,
132,Ferguson,BHA,,,,,0.5,,,,,,,,,,,,,
133,Gilmour,BHA,,,,,,,,,,,,,,,,,,
134,Gross,BHA,,,,,,,0.5,1,,,,,,,,,,
135,João Pedro,BHA,,,,,,,,,,,,,,,,,,
136,Karbownik,BHA,,,,,,,,,,,,,,,,,,
137,Kozłowski,BHA,,,,,,,,,,,,,,,,,,
138,Lallana,BHA,,0.5,,,,,,1,,,,,,,,,,
139,Lamptey,BHA,,,,,,,,,0.5,0.5,,,,,,,,
140,March,BHA,,,,,,0.5,,,,1,,,,,,,,
141,McGill,BHA,,,,,,,,,,,,,,,,,,
142,Milner,BHA,,,,,,,0.5,1,1,,,,,,,,,
143,Mitoma,BHA,,,,,,,,,,,,,,,,,,
144,Moder,BHA,,,,,,,,,,1,,,,,,,,
145,Sanchez,CHE,,,,,,,,,,,,,,,,,,
146,Sarmiento,BHA,,,,,,,,,,,,,,,,,,
147,Scherpen,BHA,,,,,,,,,,,,,,,,,,
148,Steele,BHA,,,,,,,,,,,,,,,,,,
149,Undav,BHA,,,,,,,,,,,,,,,,,,
150,Van Hecke,BHA,,,,,,,,,,,,,,,,,,
151,Veltman,BHA,,,,,,,,,,,,,,,,,,
152,Verbruggen,BHA,,,,,,,,,,,,,,,,,,
153,Webster,BHA,,0.5,,,,,,,,,,,,,,,,
154,Welbeck,BHA,,,,,1,,,,,0.5,,,,,,,,
155,Zeqiri,BHA,,,,,,,,,,,,,,,,,,
156,Agyei,BUR,,,,,,,,,,,,,,,,,,
157,Al-Dakhil,BUR,,,,,,,,,,,,,,,,,,
158,Bastien,BUR,,,,,,,,,,,,,,,,,,
159,Benson,BUR,,,,,,,,1,1,1,,,,,,,,
160,Beyer,BUR,,,,1,,,,,0.5,0.5,,,,,,,,
161,Brownhill,BUR,,,,,,,,,,,,,,,,,,
162,Churlinov,BUR,,,,,0.5,0.5,0.5,1,1,,,,,,,,,
163,Cork,BUR,,,,,,,,,,,,,,,,,,
164,Costelloe,BUR,,,,,,,,,,,,,,,,,,
165,Cullen,BUR,,,,,,,,,,,,,,,,,,
166,Egan-Riley,BUR,,,,,,,,,,,,,,,,,,
167,Ekdal,BUR,,,,,1,1,1,1,1,1,,,,,,,,
168,Foster,BUR,,,,,,,1,,,,,,,,,,,
169,Franchi,BUR,,,,,,,,,,,,,,,,,,
170,Gudmundsson,BUR,,,,,,,,0.5,1,1,,,,,,,,
171,McNally,BUR,,,,,,,,,,,,,,,,,,
172,Muric,BUR,,,,,,,,,,,,,,,,,,
173,O'Shea,BUR,,,,,,,,,,,,,,,,,,
174,Obafemi,BUR,1,1,1,1,1,1,1,1,1,1,,,,,,,,
175,Peacock-Farrell,BUR,,,,,,,,,,,,,,,,,,
176,Roberts,BUR,,,,,,,,,,1,,,,,,,,
177,Rodriguez,BUR,,,,,,,,,,,,,,,,,,
178,Taylor,BUR,,,,,,,,,,,,,,,,,,
179,Thomas,BUR,,,,,,,,,,,,,,,,,,
180,Twine,BUR,,,,,,,,,,,,,,,,,,
181,Vigouroux,BUR,,,,,,,,,,,,,,,,,,
182,Vitinho,BUR,,,,,0.5,,,,,,,,,,,,,
183,Weghorst,BUR,,,,,,,,,,,,,,,,,,
184,Zaroury,BUR,,1,1,1,,,,,,,,,,,,,,
185,Ampadu,CHE,,,,,,,,,,,,,,,,,,
186,Andrey,NFO,,,,1,,,,,,,,,,,,,,
187,Arrizabalaga,CHE,,,,,,,,,,,,,,,,,,
188,Aubameyang,CHE,,,,,,,,,,,,,,,,,,
189,Azpilicueta,CHE,,,,,,,,,,,,,,,,,,
190,Baba,CHE,,,,,,,,,,,,,,,,,,
191,B.Badiashile,CHE,1,1,1,1,1,1,1,1,1,,,,,,,,,
192,Bettinelli,CHE,1,1,1,,,,,,,,,,,,,,,
193,Broja,CHE,1,1,1,1,1,1,1,1,1,1,,,,,,,,
194,Chalobah,CHE,,1,1,1,1,1,1,1,1,1,,,,,,,,
195,Chilwell,CHE,,,,,,,,1,1,1,,,,,,,,
196,Chukwuemeka,CHE,,,0.5,1,1,1,1,,,1,,,,,,,,
197,Colwill,CHE,,,,,,,,,,,,,,,,,,
198,Cucurella,CHE,,,,,,0.5,,,,,,,,,,,,
199,Enzo,CHE,,,,,,,,,,,,,,,,,,
200,D.D.Fofana,CHE,,,,,,,,,,,,,,,,,,
201,W.Fofana,CHE,1,1,1,1,1,1,1,1,1,1,,,,,,,,
202,Gallagher,CHE,,,,,,,,,,,,,,,,,,
203,Gusto,CHE,,,,,,,1,1,,,,,,,,,,
204,Hall,NEW,,,,,,,,,,,,,,,,,,
205,Hudson-Odoi,NFO,,,,,,,,,,1,,,,,,,,
206,James,CHE,,,1,1,0.5,1,1,1,,,,,,,,,,
207,Lukaku,CHE,,,,,,,,,,,,,,,,,,
208,Madueke,CHE,0.5,,,,,0.5,0.5,,,,,,,,,,,
209,Mount,MUN,,,,1,1,1,1,,,,,,,,,,,
210,Mudryk,CHE,,,,0.5,,,,,,,,,,,,,,
211,N.Jackson,CHE,,,,,,,1,,0.5,,,,,,,,,
212,Nkunku,CHE,0.5,1,1,1,1,1,1,1,1,1,,,,,,,,
213,Pulisic,CHE,,,,,,,,,,,,,,,,,,
214,M.Sarr,CHE,,,,,,,,,,,,,,,,,,
215,Slonina,CHE,,,,,,,,,,,,,,,,,,
216,Sterling,CHE,,,,,,,,,,,,,,,,,,
217,T.Silva,CHE,,,,,,,,,,,,,,,,,,
218,Ziyech,CHE,,,,,,,,,,,,,,,,,,
219,Ahamada,CRY,,,,,,,1,1,1,,,,,,,,,
220,Andersen,CRY,,,,,,,,,,,,,,,,,,
221,J.Ayew,CRY,,,,,,0.5,,,,,,,,,,,,
222,Clyne,CRY,,,,,,,,,,,,,,,,,,
223,C.Doucouré,CRY,0.5,,,,,,,,0.5,,,,,,,,,
224,Ebiowei,CRY,,,1,1,1,,,,,,,,,,,,,
225,Edouard,CRY,,,,,,,0.5,0.5,,,,,,,,,,
226,Eze,CRY,,,,,,,,,1,1,,,,,,,,
227,Guaita,CRY,,,,,,,,,,,,,,,,,,
228,Guéhi,CRY,,,,,,1,,,,,,,,,,,,
229,Hughes,CRY,0.5,1,1,0.5,,,,,,,,,,,,,,
230,Johnstone,CRY,,,,,,,,,,,,,,,,,,
231,Lerma,CRY,,,,,,1,1,1,1,,,,,,,,,
232,Mateta,CRY,,,,,,,,,,,,,,,,,,
233,Matthews,CRY,,,,,,,,,,,,,,,,,,
234,Mitchell,CRY,0.5,,,,,,,,,,,,,,,,,
235,O'Brien,CRY,,,,,,,,,,,,,,,,,,
236,Olise,CRY,1,1,1,1,1,1,1,1,1,1,,,,,,,,
237,Plange,CRY,,,,,,,,,,,,,,,,,,
238,C.Richards,CRY,,,,,,,,,,,,,,,,,,
239,Riedewald,CRY,,,,,,,,,,,,,,,,,,
240,Schlupp,CRY,,,,,,,,,0.5,1,,,,,,,,
241,Tomkins,CRY,,,,,,1,1,1,,1,,,,,,,,
242,Ward,CRY,,,,,,,,,1,,,,,,,,,
243,Whitworth,CRY,,,,,,,,,,,,,,,,,,
244,André Gomes,EVE,,,,,,,,1,1,1,,,,,,,,
245,Branthwaite,EVE,,,,,0.5,,,,,,,,,,,,,
246,Calvert-Lewin,EVE,,0.5,0.5,0.5,0.5,,,,,,,,,,,,,
247,Coleman,EVE,,1,1,1,1,1,1,1,1,1,,,,,,,,
248,Dele,EVE,,1,1,1,1,1,1,1,1,1,,,,,,,,
249,A.Doucoure,EVE,,,,,,,,,,,,,,,,,,
250,Garner,EVE,,,,,,,,,,,,,,,,,,
251,Gbamin,EVE,,,,,,,,,,,,,,,,,,
252,Godfrey,EVE,,,,,,,,,,,,,,,,,,
253,Gray,EVE,,,,,,,,,,,,,,,,,,
254,Gana,EVE,,,,,,,,,0.5,,,,,,,,,
255,Holgate,EVE,,,,,,,,,,,,,,,,,,
256,Iwobi,FUL,,,0.5,1,0.5,,,,,,,,,,,,,
257,Keane,EVE,,,,,,,,,,,,,,,,,,
258,Maupay,BRE,,,,,,,,,,,,,,,,,,
259,McNeil,EVE,1,1,1,1,,,,,,,,,,,,,,
260,Mykolenko,EVE,,,,,,,,,,,,,,,,,,
261,Onana,EVE,,,,,,,,,,,,,,,,,,
262,Patterson,EVE,,,,,,,,,,,,,,,,,,
263,Pickford,EVE,,,,,,,,,,,,,,,,,,
264,Simms,EVE,,,,,,,,,,,,,,,,,,
265,Tarkowski,EVE,0.5,,,,,,,,,,,,,,,,,
266,J.Virginia,EVE,,,,,,,,,,,,,,,,,,
267,Andreas,FUL,,,,0.5,,,,,,,,,,,,,,
268,Cairney,FUL,0.5,,,,0.5,,,,,,,,,,,,,
269,I.Cavaleiro,FUL,,,,,,,,,,,,,,,,,,
270,De Cordova-Reid,FUL,,,,,,,,,,,,,,,,,,
271,Diop,FUL,,,,,,,,,1,1,,,,,,,,
272,Francois,FUL,,,,,,,,,,,,,,,,,,
273,Knockaert,FUL,,,,,,,,,,,,,,,,,,
274,Kongolo,FUL,,,,,,,,,,,,,,,,,,
275,Leno,FUL,,,,,,,,,,,,,,,,,,
276,Lukić,FUL,,,,,0.5,1,1,,,,,,,,,,,
277,Mbabu,FUL,,,,,,,,,,,,,,,,,,
278,Mitrović,FUL,,,1,1,1,1,1,1,1,1,,,,,,,,
279,Muniz,FUL,,,,,,,,,,,,,,,,,,
280,J.Palhinha,FUL,1,1,,,,,,,,,,,,,,,,
281,Ream,FUL,,,1,,,,,,,,,,,,,,,
282,Reed,FUL,,,,,,,,,,,,,,,,,,
283,Robinson,FUL,,,,,,0.5,,,,,,,,,,,,
284,Rodák,FUL,,,,,,,,,,,,,,,,,,
285,Tete,FUL,,,,,,,0.5,0.5,0.5,0.5,,,,,,,,
286,Tosin,FUL,,,,,,1,1,1,1,1,,,,,,,,
287,Vinícius,FUL,,,,,,,,,,,,,,,,,,
288,Wilson,FUL,,,,,,,,,,,,,,,,,,
289,Adrián,LIV,,,,,,,,,,,,,,,,,,
290,Alexander-Arnold,LIV,,,0.5,,0.5,0.5,0.5,,,,,,,,,,,
291,A.Becker,LIV,,,,,,,,,,,,,,,,,,
292,Bajcetic,LIV,,,,,,,,1,1,,,,,,,,,
293,Darwin,LIV,,,,,,,,,,,,,,,,,,
294,Diogo J.,LIV,,,,,,,,1,,,,,,,,,,
295,Elliott,LIV,,,,,,,,,,,,,,,,,,
296,Fabinho,LIV,,,,,,,,,,,,,,,,,,
297,Gakpo,LIV,,,,,,,,0.5,0.5,0.5,,,,,,,,
298,Gomez,LIV,,,,,,,,,,,,,,,,,,
299,Henderson,LIV,,,,,,,,,,,,,,,,,,
300,Jones,LIV,,,0.5,0.5,,,,1,1,1,,,,,,,,
301,Kelleher,LIV,,,,,,,,,,,,,,,,,,
302,Konaté,LIV,,,,0.5,1,,,,,,,,,,,,,
303,Luis Díaz,LIV,,,,,,,,,,,,,,,,,,
304,Mac Allister,LIV,,,1,,,,,,,,,,,,,,,
305,Matip,LIV,,,,,,,,,,,,,,,,,,
306,Phillips,LIV,,,,,,,,,,,,,,,,,,
307,Robertson,LIV,,,,,,,,,0.5,1,,,,,,,,
308,Salah,LIV,,,,,,,,,,,,,,,,,,
309,Szoboszlai,LIV,,,,,,,,,,,,,,,,,,
310,Thiago,LIV,,,,1,1,1,1,1,1,1,,,,,,,,
311,Tsimikas,LIV,,,,,,,,,,,,,,,,,,
312,Van den Berg,LIV,,,,,,,,,,,,,,,,,,
313,Virgil,LIV,,,,1,1,,,,,,,,,,,,,
314,Adebayo,LUT,,,,,,,,,,,,,,,,,,
315,Andersen,LUT,,,,,,,,,0.5,1,,,,,,,,
316,Bell,LUT,,,,,,,,,1,1,,,,,,,,
317,Berry,LUT,,,,,,,,,,,,,,,,,,
318,Burke,LUT,1,1,1,,,,,,,1,,,,,,,,
319,Campbell,LUT,,,,,,,,,,,,,,,,,,
320,Clark,LUT,0.5,1,1,1,1,1,1,1,1,1,,,,,,,,
321,Doughty,LUT,,,,,0.5,,,,,,,,,,,,,
322,Freeman,LUT,,,,,,,,,,,,,,,,,,
323,Macey,LUT,,,,,,,,,,,,,,,,,,
324,McAtee,LUT,,,,,,,,,,,,,,,,,,
325,Mendes,LUT,,,,,,,,,,,,,,,,,,
326,Morris,LUT,,,,,,,,,,,,,,,,,,
327,Muskwe,LUT,,,,,,,,,,,,,,,,,,
328,Ogbene,LUT,,,,,,,,,,,,,,,,,,
329,Onyedinma,LUT,,,,,,,,,,,,,,,,,,
330,Osho,LUT,1,1,1,1,1,1,1,1,1,,,,,,,,,
331,Pepple,LUT,,,,,,,,,,,,,,,,,,
332,Pereira,LUT,,,,,,,,,,,,,,,,,,
333,Potts,LUT,,,1,1,1,1,1,1,1,1,,,,,,,,
334,Rea,LUT,,,,,,,,,,,,,,,,,,
335,Shea,LUT,,,,,,,,,,,,,,,,,,
336,Taylor,LUT,,,,,,,,,,,,,,,,,,
337,Thorpe,LUT,,,,,,,,,,,,,,,,,,
338,Walton,LUT,,,,,,,,,,,,,,,,,,
339,Watson,LUT,,,,,,,,,,,,,,,,,,
340,Woodrow,LUT,,,,,,,,,,,,,,,,,,
341,Akanji,MCI,,,,1,,,,,,1,,,,,,,,
342,Aké,MCI,0.5,,,,,,,,,,,,,,,,,
343,J.Alvarez,MCI,,,,,,,,,,,,,,,,,,
344,Bernardo,MCI,,,0.5,,,,1,1,,,,,,,,,,
345,Bobb,MCI,,,,,,,,,,,,,,,,,,
346,Cancelo,MCI,,,,,,,,,,,,,,,,,,
347,Carson,MCI,,,,,,,,,,,,,,,,,,
348,Charles,MCI,,,,,,,,,,,,,,,,,,
349,De Bruyne,MCI,,1,1,1,1,1,1,1,1,1,,,,,,,,
350,Rúben,MCI,,,,,,,,,,,,,,,,,,
351,Doyle,WOL,,,,,0.5,,1,,,,,,,,,,,
352,Ederson M.,MCI,,,,,,,,,,,,,,,,,,
353,Foden,MCI,,,,,,,,,,,,,,,,,,
354,Grealish,MCI,,,,,0.5,1,,,,,,,,,,,,
355,Haaland,MCI,,,,,,,,,,,,,,,,,,
356,Kovačić,MCI,,,,,,1,1,,,,,,,,,,,
357,Laporte,MCI,,,,,,,,,,,,,,,,,,
358,R.Lewis,MCI,,,,,,,,,,,,,,,,,,
359,Mahrez,MCI,,,,,,,,,,,,,,,,,,
360,McAtee,SHU,,,,,,,,,,,,,,,,,,
361,Ortega Moreno,MCI,,,,,,,,,,,,,,,,,,
362,Palmer,CHE,,,,,,,,,0.5,,,,,,,,,
363,Perrone,MCI,,,,,,,,,,,,,,,,,,
364,Phillips,MCI,,,,,,,,,,,,,,,,,,
365,Rodrigo,MCI,,,,,,,1,1,,,,,,,,,,
366,Sergio Gómez,MCI,,,,,,,,,,,,,,,,,,
367,Steffen,MCI,,,,,,,,,,,,,,,,,,
368,Stones,MCI,,0.5,1,1,0.5,1,1,1,,,,,,,,,,
369,Walker,MCI,,,,,,,,,,,,,,,,,,
370,Alex Telles,MUN,1,1,1,1,1,1,1,1,1,1,,,,,,,,
371,Amad,MUN,,1,1,1,1,1,1,1,1,1,,,,,,,,
372,Antony,MUN,,,,,,1,1,,,,,,,,,,,
373,B.Fernandes,MUN,,,,,,,,,,,,,,,,,,
374,B.Williams,MUN,1,1,1,1,1,1,1,1,1,1,,,,,,,,
375,Bailly,MUN,1,1,1,1,1,1,1,1,1,1,,,,,,,,
376,Casemiro,MUN,,,,,,,,,,0.5,,,,,,,,
377,Dalot,MUN,,,,,,,,,,,,,,,,,,
378,Elanga,NFO,,,,,0.5,0.5,,,,,,,,,,,,
379,Eriksen,MUN,,,,,,,,,,,,,,,,,,
380,Fernandez,MUN,,,,,,,,,,,,,,,,,,
381,Fred,MUN,,,,,,,,,,,,,,,,,,
382,Garnacho,MUN,,,,,,,,,,,,,,,,,,
383,Hannibal,MUN,,,,,,,,,,,,,,,,,,
384,Heaton,MUN,,1,1,1,1,1,,,,,,,,,,,,
385,Henderson,CRY,,1,,,,,,1,1,1,,,,,,,,
386,Lindelof,MUN,,,,,,,,,,,,,,,,,,
387,Maguire,MUN,,,,,,,0.5,,,,,,,,,,,
388,Mainoo,MUN,,1,1,1,1,1,1,1,1,0.5,,,,,,,,
389,Malacia,MUN,,1,1,1,1,1,1,1,1,1,,,,,,,,
390,Martial,MUN,,,,,,,,,,,,,,,,,,
391,Martinez,MUN,,,,,0.5,,0.5,1,1,1,,,,,,,,
392,McTominay,MUN,,,,,,,,,,,,,,,,,,
393,Mengi,LUT,,,,,,,,,,,,,,,,,,
394,Pellistri,MUN,,,,,,,,,,,,,,,,,,
395,R.Varane,MUN,,,,0.5,1,1,,,,,,,,,,,,
396,Rashford,MUN,,,,,,,,,,,,,,,,,,
397,Sancho,MUN,,,,,,1,1,1,1,1,,,,,,,,
398,Shaw,MUN,,,,1,1,1,1,1,1,1,,,,,,,,
399,Shoretire,MUN,,,,,,,,,,,,,,,,,,
400,Van de Beek,MUN,,,,,,,,,,,,,,,,,,
401,Wan-Bissaka,MUN,,,,,,,,1,1,1,,,,,,,,
402,Almirón,NEW,,,,,,,,,,,,,,,,,,
403,Anderson,NEW,,,,,0.5,,,,,,,,,,,,,
404,Ashby,NEW,,,,,,,,,,,,,,,,,,
405,Botman,NEW,,,,0.5,0.5,,,1,1,1,,,,,,,,
406,Bruno G.,NEW,,,,,,,,,,,,,,,,,,
407,Burn,NEW,,,,,,,,,,,,,,,,,,
408,Darlow,NEW,,,,,,,,,,,,,,,,,,
409,Dubravka,NEW,,,,,,,,,,,,,,,,,,
410,Fraser,NEW,,,,,,,,,,,,,,,,,,
411,Gillespie,NEW,,,,,,,,,,,,,,,,,,
412,Gordon,NEW,,,,,,,,1,,,,,,,,,,
413,Hayden,NEW,,,,,,,,,,,,,,,,,,
414,Hendrick,NEW,,,,,,,,,,,,,,,,,,
415,Isak,NEW,,,,,,,,,0.5,,,,,,,,,
416,Joelinton,NEW,,,0.5,,,1,1,0.5,0.5,0.5,,,,,,,,
417,Krafth,NEW,,1,1,1,1,1,1,1,1,0.5,,,,,,,,
418,Kuol,NEW,,,,,,,,,,,,,,,,,,
419,Lascelles,NEW,,,,,,,,,,,,,,,,,,
420,J.Lewis,NEW,,,,,,,,,,,,,,,,,,
421,Longstaff,NEW,,,,,,,,,,,,,,,,,,
422,Manquillo,NEW,,1,1,1,0.5,0.5,,,,,,,,,,,,
423,J.Murphy,NEW,,,,,,,,,,,,,,,,,,
424,Pope,NEW,,,,,,,,,,,,,,,,,,
425,Ritchie,NEW,,,,,,,,,,,,,,,,,,
426,Saint-Maximin,NEW,,,,,,,,,,,,,,,,,,
427,Schär,NEW,,,,,,,,,,,,,,,,,,
428,Targett,NEW,,,,,,,,,,,,,,,,,,
429,Tonali,NEW,,,,,,,,,,,,,,,,,,
430,Trippier,NEW,,,,,,,,,,,,,,,,,,
431,Watts,NEW,,,,,,,,,,,,,,,,,,
432,Willock,NEW,,1,1,1,1,1,1,1,1,1,,,,,,,,
433,Wilson,NEW,,,,,,,,0.5,,,,,,,,,,
434,B.Aguilera,NFO,,,,,,,,,,,,,,,,,,
435,Arter,NFO,,,,,,,,,,,,,,,,,,
436,Aurier,NFO,,,,,,0.5,,,0.5,,,,,,,,,
437,Awoniyi,NFO,0.5,,,,,,,,1,1,,,,,,,,
438,Biancone,NFO,,,,,,,,,,,,,,,,,,
439,Boly,NFO,,,,,,,,,,,,,,,,,,
440,Bowler,NFO,,,,,,,,,,,,,,,,,,
441,Cook,NFO,,,,,,,,,,,,,,,,,,
442,Danilo,NFO,,,,,1,1,1,1,1,1,,,,,,,,
443,Dennis,NFO,,,,,,,,,,,,,,,,,,
444,Dräger,NFO,,,,,,,,,,,,,,,,,,
445,Felipe,NFO,0.5,1,1,1,,,,,,1,,,,,,,,
446,Freuler,NFO,,,,,,,,,,,,,,,,,,
447,Gibbs-White,NFO,,,,,,,,,,,,,,,,,,
448,Hennessey,NFO,1,1,1,1,0.5,,,,,,,,,,,,,
449,Horvath,NFO,,,,,,,,,,,,,,,,,,
450,Johnson,TOT,,,,,,,0.5,1,1,0.5,,,,,,,,
451,Kouyaté,NFO,,,,,,,,,,,,,,,,,,
452,Laryea,NFO,,,,,,,,,,,,,,,,,,
453,Mangala,NFO,,,,0.5,,,,,0.5,,,,,,,,,
454,Mbe Soh,NFO,,,,,,,,,,,,,,,,,,
455,McKenna,NFO,,,,0.5,,,,,,,,,,,,,,
456,Mighten,NFO,,,,,,,,,,,,,,,,,,
457,Niakhaté,NFO,0.5,,,,,,,1,,,,,,,,,,
458,O'Brien,NFO,,,,,,,,,,,,,,,,,,
459,Ojeda,NFO,,,,,,,,,,,,,,,,,,
460,Panzo,NFO,,,,,,,,,,,,,,,,,,
461,O.Richards,NFO,,,1,1,1,,,,,,,,,,,,,
462,G.Scarpa,NFO,,,,,,,,,,,,,,,,,,
463,J.Shelvey,NFO,,,,,,,,,,,,,,,,,,
464,Surridge,NFO,,,,,,,,,,,,,,,,,,
465,Toffolo,NFO,,,,,,,,,,,,,,,,,,
466,Ui-jo,NFO,,,,,,,,,,,,,,,,,,
467,Williams,NFO,,,,,,,,,,,,,,,,,,
468,Wood,NFO,,,,,,,,,,,,,,,,,,
469,Worrall,NFO,,,,,,,,,,,,,,,,,,
470,Yates,NFO,,,,,,,,,,,,,,,,,,
471,Ahmedhodžić,SHU,,,,,0.5,,,,,1,,,,,,,,
472,Amissah,SHU,,,,,,,,,,,,,,,,,,
473,Baldock,SHU,,,0.5,,,0.5,0.5,0.5,0.5,0.5,,,,,,,,
474,Basham,SHU,,,,,,,,,1,1,,,,,,,,
475,Berge,BUR,,,,,,,,,,,,,,,,,,
476,Bogle,SHU,1,1,1,,,,,,,,,,,,,,,
477,Brewster,SHU,1,1,1,1,1,1,1,,,,,,,,,,,
478,Coulibaly,SHU,1,1,1,,,,,,,,,,,,,,,
479,A.Davies,SHU,,,,,,,,,,0.5,,,,,,,,
480,Egan,SHU,,,,,,0.5,,1,1,1,,,,,,,,
481,Fleck,SHU,0.5,0.5,1,1,1,1,1,1,,,,,,,,,,
482,Foderingham,SHU,,,,,,,,,,,,,,,,,,
483,Jebbison,SHU,,,,1,1,1,1,1,1,1,,,,,,,,
484,Lowe,SHU,,,,1,1,1,1,1,1,1,,,,,,,,
485,McBurnie,SHU,0.5,0.5,0.5,,,1,,,,0.5,,,,,,,,
486,Ndiaye,SHU,,,,,,,,,,,,,,,,,,
487,Norrington-Davies,SHU,,1,1,1,1,1,1,1,1,1,,,,,,,,
488,Norwood,SHU,0.5,,,,,,,,,,,,,,,,,
489,Osborn,SHU,,,,0.5,1,1,1,1,1,,,,,,,,,
490,Osula,SHU,,,,,,0.5,0.5,0.5,0.5,0.5,,,,,,,,
491,Austin,TOT,,,,,,,,,,,,,,,,,,
492,Bentancur,TOT,1,1,1,1,1,1,1,1,1,1,,,,,,,,
493,Bissouma,TOT,,,,,,,,,1,,,,,,,,,
494,Bryan,TOT,1,1,1,1,1,1,1,1,,,,,,,,,,
495,Davies,TOT,,,,,,,,,,,,,,,,,,
496,Dier,TOT,,,,,,,,,,,,,,,,,,
497,E.Royal,TOT,,,,,,,,,,,,,,,,,,
498,Forster,TOT,,1,,,,,,,,,,,,,,,,
499,Højbjerg,TOT,,,,,,,,,,,,,,,,,,
500,Kane,TOT,,,,,,,,,,,,,,,,,,
501,Kulusevski,TOT,,,,,,,,,,,,,,,,,,
502,Lloris,TOT,,,,,,,,,,,,,,,,,,
503,Lo Celso,TOT,,,,,0.5,1,1,1,,,,,,,,,,
504,Maddison,TOT,,,0.5,,,,,,,,,,,,,,,
505,Ndombele,TOT,,,,,,,,,,,,,,,,,,
506,Pedro Porro,TOT,,,,,,,,,,,,,,,,,,
507,Perišić,TOT,,,,,,,1,1,1,1,,,,,,,,
508,Reguilón,MUN,,,,,,,,0.5,0.5,,,,,,,,,
509,Richarlison,TOT,0.5,,,,,,,,,,,,,,,,,
510,Rodon,TOT,,,,,,,,,,,,,,,,,,
511,Romero,TOT,,0.5,,,,,,,,,,,,,,,,
512,Sánchez,TOT,,,,,,,,,,,,,,,,,,
513,Sarr,TOT,,,,,,,,,,,,,,,,,,
514,Sessegnon,TOT,1,1,1,1,1,1,1,1,1,1,,,,,,,,
515,Skipp,TOT,,,,,,,,,,,,,,,,,,
516,Son,TOT,,,,,,,,,,,,,,,,,,
517,Spence,TOT,,,,,,,,,,,,,,,,,,
518,Tanganga,TOT,,,,,,,,,,,,,,,,,,
519,Udogie,TOT,,,,,,,,,,,,,,,,,,
520,Vicario,TOT,,,,,,,,,,,,,,,,,,
521,Whiteman,TOT,,,,,,,,,,,,,,,,,,
522,N.Aguerd,WHU,,,1,,,,,,,,,,,,,,,
523,Antonio,WHU,,,,,,,,,,,,,,,,,,
524,Areola,WHU,,,,,,,,,,,,,,,,,,
525,Benrahma,WHU,,,,,,,,,,,,,,,,,,
526,Bowen,WHU,,,,,,,,,,,,,,,,,,
527,Cornet,WHU,,,,,,,,,,,,,,,,,,
528,Coufal,WHU,,,,,,,,,,,,,,,,,,
529,Coventry,WHU,,,,,,,,,,,,,,,,,,
530,Cresswell,WHU,,,,,,,1,1,1,1,,,,,,,,
531,Downes,WHU,,,,,,,,,,,,,,,,,,
532,Emerson,WHU,,,,,,,,,,1,,,,,,,,
533,Fabianski,WHU,,,,,,,,,,,,,,,,,,
534,P.Fornals,WHU,,,,,,,,,,,,,,,,,,
535,Ings,WHU,,,,,,,,,,,,,,,,,,
536,Johnson,WHU,,,,,,,,,0.5,0.5,,,,,,,,
537,Kehrer,WHU,,,,,,,,,,,,,,,,,,
538,Mubama,WHU,,,,,,,,,,,,,,,,,,
539,L.Paquetá,WHU,,,,,,,,,,,,,,,,,,
540,Rice,ARS,,,,,,,0.5,,,,,,,,,,,
541,Scamacca,WHU,,,,,,,,,,,,,,,,,,
542,Souček,WHU,,,,,0.5,,,,,,,,,,,,,
543,Vlašić,WHU,,,,,,,,,,,,,,,,,,
544,Zouma,WHU,,,,,,,,,,,,,,,,,,
545,Aït-Nouri,WOL,,,,,,0.5,,,,,,,,,,,,
546,Bentley,WOL,,,,,,,,,,,,,,,,,,
547,Bolla,WOL,,,,,,,,,,,,,,,,,,
548,H.Bueno,WOL,,,,,,,,,1,1,,,,,,,,
549,Chiquinho,WOL,,,,,,,,,,,,,,,,,,
550,Cundle,WOL,,,,,,,,,,,,,,,,,,
551,Dawson,WOL,,,,,,,,,,,,,,,,,,
552,Fábio Silva,WOL,,,,,,,,,,,,,,,,,,
553,Giles,LUT,,,,,,,,,,,,,,,,,,
554,Guedes,WOL,,,,,,,,,,,,,,,,,,
555,Hodge,WOL,,,,,0.5,1,,,,,,,,,,,,
556,Hoever,WOL,,,,,,,,,,,,,,,,,,
557,Hee Chan,WOL,,,,0.5,,,,,,,,,,,,,,
558,Raúl,FUL,,,,,,,,,,,,,,,,,,
559,João Gomes,WOL,,,,,,,,,,,,,,,,,,
560,J.Otto,WOL,,,,,,,,,,,,,,,,,,
561,Jordão,WOL,,,,,,,,,,,,,,,,,,
562,Kalajdžić,WOL,,,,,,,,,,,,,,,,,,
563,Kilman,WOL,,,,,,,,,,,,,,,,,,
564,King,WOL,,,,,,,,,,,,,,,,,,
565,Lemina,WOL,,,,,,,,,1,,,,,,,,,
566,Matheus N.,MCI,,,1,,,,,,,,,,,,,,,
567,Neto,WOL,,,,,,,,,,,,,,,,,,
568,Podence,WOL,,,,,,,,,,,,,,,,,,
569,José Sá,WOL,,,,,,,,,,,,,,,,,,
570,Sarabia,WOL,,,,,,,,,,,,,,,,,,
571,Šarkić,WOL,,,,,,,,,,,,,,,,,,
572,N.Semedo,WOL,,,,,,,,,,,,,,,,,,
573,Toti,WOL,,,,,,,,,,,,,,,,,,
574,Boubacar Traore,WOL,,,,,,,,,,,,,,,,,,
575,Lockyer,LUT,,,,,,,,,,,,,,,,,,
576,Robinson,SHU,,,,,,,,,,,,,,,,,,
577,Ogbonna,WHU,,,,,,,,,,,,,,,,,,
578,Nelson,ARS,,,,,,,,,,,,,,,,,,
579,Lonergan,EVE,,,,,,,,,,,,,,,,,,
580,Karius,NEW,,,,,,,,,,,,,,,,,,
581,Dummett,NEW,,,,,,,,,,,,,,,,,,
582,Mpanzu,LUT,,,,,,,,,,,,,,,,,,
583,Solomon,TOT,,,,,,,,,1,1,,,,,,,,
584,Pau,AVL,,,,,,,,,,,,,,,,,,
585,J.Timber,ARS,,0.5,1,,1,1,1,1,1,1,,,,,,,,
586,Chong,LUT,,,,,,,,,,,,,,,,,,
587,Slimane,SHU,,,0.5,,0.5,,,,,,,,,,,,,
588,Young,EVE,,,,,,,,,,1,,,,,,,,
589,Ângelo,CHE,,,,,,,,,,,,,,,,,,
590,Cunha,WOL,,0.5,,,,,,,,,,,,,,,,
591,Willian,FUL,,,,,0.5,,,,,,,,,,,,,
592,Larouci,SHU,,,,,,,,,,,,,,,,,,
593,T.Bénie,SHU,,,,,,,,,,,,,,,,,,
594,Amdouni,BUR,,,,,,,,,,,,,,,,,,
595,Kerkez,BOU,,,,,,,,,,,,,,,,,,
596,Trafford,BUR,,,,,,,,,,,,,,,,,,
597,Onana,MUN,,,,,,,,,,,,,,,,,,
598,Doherty,WOL,,,,,,,,,,,,,,,,,,
599,Diaby,AVL,,,,,,,,0.5,,,,,,,,,,
600,Redmond,BUR,,,,,,,,1,1,,,,,,,,,
601,Danjuma,EVE,0.5,,,,,,,,,,,,,,,,,
602,Kaboré,LUT,,,,,,,,,,,,,,,,,,
603,Barnes,NEW,,,,,,,0.5,1,1,1,,,,,,,,
604,Aina,NFO,,,0.5,,,,,,0.5,,,,,,,,,
605,Koleosho,BUR,,,,,,,,,,,,,,,,,,
606,Igor,BHA,,,,,,,,,0.5,,,,,,,,,
607,Radu,BOU,,,,,,,,,,,,,,,,,,
608,Bruun Larsen,BUR,,,,,,,,,,,,,,,,,,
609,Maatsen,CHE,,,,,,,,,,,,,,,,,,
610,Bassey,FUL,,,,,,,,0.5,,,,,,,,,,
611,Disasi,CHE,,,,,,,,,0.5,,,,,,,,,
613,Ugochukwu,CHE,,,,,,,,,,,,,,,,,,
614,Kaminski,LUT,,,,,,,,,,,,,,,,,,
615,Matheus França,CRY,,1,1,,1,1,1,1,0.5,,,,,,,,,
616,Gvardiol,MCI,,,,,,,,,,,,,,,,,,
617,Højlund,MUN,,1,1,,0.5,,,,,,,,,,,,,
618,Kellyman,AVL,,,,,,,,,,,,,,,,,,
619,Greenwood,BOU,,,,,,,,,,,,,,,,,,
620,Olakigbe,BRE,,,,,,,,,,,,,,,,,,
621,Hinshelwood,BHA,,,,,,,,,,,,,,,,,,
622,Dodgson,BUR,,,,,,,,,,,,,,,,,,
623,Burstow,CHE,,,,,,,,,,,,,,,,,,
624,Dobbin,EVE,,,,,,,,,,,,,,,,,,
625,De Fougerolles,FUL,,,,,,,,,,,,,,,,,,
626,Quansah,LIV,,,,,,,,,,,,,,,,,,
627,Clark,LIV,,,,,,,,,,,,,,,,,,
628,Doak,LIV,,,,,,,,,,1,,,,,,,,
629,McConnell,LIV,,,,,,,,,,,,,,,,,,
630,Barkley,LUT,,,,,,0.5,0.5,0.5,,,,,,,,,,
631,Brown,LUT,,,,,,,,,,,,,,,,,,
632,Forson,MUN,,,,,,,,,,,,,,,,,,
633,Livramento,NEW,,,,,,,,,,,,,,,,,,
634,A.Murphy,NEW,,,,,,,,,,,,,,,,,,
635,Miley,NEW,,,,,,,,,,1,,,,,,,,
636,G.Shelvey,NFO,,,,,,,,,,,,,,,,,,
637,Powell,NFO,,,,,,,,,,,,,,,,,,
638,Vini Souza,SHU,,,,,,,,,,,,,,,,,,
639,Van de Ven,TOT,,,,,,,,,,,,,,,,,,
640,Scarlett,TOT,,,,,,,,,,,,,,,,,,
641,Veliz,TOT,,,,,,,,,,,,,,,,,,
642,Álvarez,WHU,,1,,,,0.5,,,,,,,,,,,,
643,Aarons,BOU,,,,,,,,,,,,,,,,,,
644,Scott,BOU,,1,1,,1,1,1,1,1,,,,,,,,,
645,Y. Chermiti,EVE,,,,,,,,,,,,,,,,,,
646,Hein,ARS,,,,,,,,,,,,,,,,,,
647,Anang,WHU,,,,,,,,,,,,,,,,,,
648,Francis-Clarke,LUT,,,,,,,,,,,,,,,,,,
649,Cannon,EVE,,,,,,,,,,,,,,,,,,
650,Onyango,EVE,,,,,,,,,,,,,,,,,,
651,Stansfield,FUL,,,,,,,,,,,,,,,,,,
652,Dibley-Dias,FUL,,,,,,,,,,,,,,,,,,
653,Seriki,SHU,,,,,,,,,,,,,,,,,,
654,Marsh,SHU,,,,,,,,,,,,,,,,,,
655,Brooks,SHU,,,,,,,,,,,,,,,,,,
656,Hackford,SHU,,,,,,,,,,,,,,,,,,
657,Rak-Sakyi,CRY,,,,,,,,,,,,,,,,,,
658,Gordon,CRY,,,,,,,,,,,,,,,,,,
659,Bergström,CHE,,,,,,,,,,,,,,,,,,
660,Odobert,BUR,,,,,,,,,,,,,,,,,,
661,Harrison,EVE,,,,,1,1,1,,,,,,,,,,,
662,Adama,FUL,,,,,,,1,1,1,1,,,,,,,,
663,Hamer,SHU,,,,,,,,,,,,,,,,,,
664,Ward-Prowse,WHU,,,,,,,,,,,,,,,,,,
665,Krul,LUT,,,,,,,,,,,,,,,,,,
666,T.Davies,SHU,,,,,,,,,1,1,,,,,,,,
667,Lavia,CHE,,,,,0.5,1,1,1,1,1,,,,,,,,
668,Endo,LIV,,,,,,,,,,,,,,,,,,
669,Vítek,MUN,,,,,,,,,,,,,,,,,,
670,Marschall,AVL,,,,,,,,,,,,,,,,,,
671,Humphreys,CHE,,,,,,,,,,,,,,,,,,
672,Zaniolo,AVL,,,,,,,,,,,,,,,,,,
673,Adams,BOU,,,,,1,1,1,,1,1,,,,,,,,
674,Delcroix,BUR,,,,,,,,,,,,,,,,,,
675,A.Ramsey,BUR,,,,,,,,,,,,,,,,,,
676,Mavropanos,WHU,,,,1,1,,,,,,,,,,,,,
677,Deivid,CHE,,,,,,,,,,,,,,,,,,
678,Doku,MCI,,,,,,,,,,,,,,,,,,
679,G.Montiel,NFO,,,,,,,,,,0.5,,,,,,,,
680,Beach,CHE,,,,,,,,,,,,,,,,,,
681,Diego Moreira,CHE,,,,,,,,,,,,,,,,,,
682,Johnson,LUT,,,,,,,,,,,,,,,,,,
683,Harris,FUL,,,,,,,,,,,,,,,,,,
684,Brierley,BRE,,,,,,,,,,,,,,,,,,
685,Gore,MUN,,,,,,,,,,,,,,,,,,
686,Zych,AVL,,,,,,,,,,,,,,,,,,
687,Petrovic,CHE,,,,,,,,,,,,,,,,,,
688,Castagne,FUL,,,,,,,,,,,,,,,,,,
689,Kudus,WHU,,,,,,,,,,,,,,,,,,
690,Baleba,BHA,,,,,,,,,,,,,,,,,,
691,Beto,EVE,,,,,,,,,,,,,,,,,,
692,Benda,FUL,,,,,,,,,,,,,,,,,,
693,Thomas,SHU,,,,,,,,,,,,,,,,,,
694,Massengo,BUR,,,,,,,,,,,,,,,,,,
695,Altay,MUN,,,,,,,,,,,,,,,,,,
696,Murillo,NFO,,,,,,,,,,,,,,,,,,
697,S.Bueno,WOL,,,,,,,,,,,,,,,,,,
698,González,WOL,,,,,,,,,,,,,,,,,,
699,Lenglet,AVL,,,,,,,,,,,,,,,,,,
700,Ansu Fati,BHA,,,,,,,,,,,,,,,,,,
701,Ghoddos,BRE,,,,,,,,,,,,,,,,,,
702,Phillips,TOT,,,,,,,,,,,,,,,,,,
703,Evans,MUN,,,,,,,,,,,,,,,,,,
704,Fraser,WOL,,,,,,,,,,,,,,,,,,
705,Sinisterra,BOU,,,,,,,,,,,,,,,,,,
706,M.Trésor,BUR,,,,,,,,,,,,,,,,,,
707,Ballo-Touré,FUL,,,,,,,,,,,,,,,,,,
708,Gravenberch,LIV,,,,,,,,,,,,,,,,,,
709,Amrabat,MUN,,,,,0.5,0.5,,,,,,,,,,,,
710,Odysseas,NFO,,,,,,,,,,,,,,,,,,
711,Omobamidele,NFO,,,,,,,,,,,,,,,,,,
712,Dominguez,NFO,,,,,,,,0.5,,,,,,,,,,
713,Sangaré,NFO,,,,,,,,,,,,,,,,,,
714,Origi,NFO,,,,,,,,,,1,,,,,,,,
715,Bellegarde,WOL,,,,,,,1,1,,0.5,,,,,,,,
